strategy,beta_vs_qqq,alpha_ann_vs_qqq,tracking_error_vs_qqq,information_ratio_vs_qqq,up_capture_vs_qqq,down_capture_vs_qqq,active_share_vs_qqq,avg_sector_weights_json
defensive_baseline,0.4650971177010506,0.08173556324613164,0.21071691638939097,-0.1041019978565818,0.5952102232020672,0.29352936581311145,,"{""Information Technology"": 0.10641666666666666, ""Industrials"": 0.09554166666666668, ""Financials"": 0.08604166666666668, ""Consumer Discretionary"": 0.08491666666666667, ""Health Care"": 0.07929166666666666, ""Materials"": 0.048125, ""Real Estate"": 0.04333333333333333, ""Communication"": 0.04062500000000001, ""Consumer Staples"": 0.03733333333333333, ""Utilities"": 0.03566666666666667, ""Energy"": 0.03370833333333333}"
qqq_plus_stock_alpha_v1,0.7224456229551918,0.07986918535647727,0.21456906771209555,0.12152398566540953,0.7830359780482492,0.4469057953457193,,"{""Information Technology"": 0.14734848484848484, ""Industrials"": 0.12272727272727273, ""Financials"": 0.09583333333333333, ""Consumer Discretionary"": 0.09583333333333333, ""Health Care"": 0.0938131313131313, ""Materials"": 0.048989898989898986, ""Consumer Staples"": 0.0428030303030303, ""Communication"": 0.0422979797979798, ""Real Estate"": 0.04078282828282828, ""Utilities"": 0.04040404040404041, ""Energy"": 0.033207070707070706}"
