strategy,beta_vs_qqq,alpha_ann_vs_qqq,tracking_error_vs_qqq,information_ratio_vs_qqq,up_capture_vs_qqq,down_capture_vs_qqq,turnover,average_names_held,avg_sector_weights_json,active_share_vs_qqq
defensive_baseline,0.4650971394129207,0.08173556971869761,0.21071691111120908,-0.10410189148245973,0.5952102340510436,0.2935293537826062,3.9264577108233722,20.644165863066537,{},
previous_offensive_default,0.7224454759199508,0.07986923044440271,0.21456910304979113,0.12152407267662334,0.7830359923207508,0.4469057770289744,3.57125249003984,13.76277724204436,"{""Information Technology"": 0.14734848484848484, ""Industrials"": 0.12272727272727273, ""Financials"": 0.09583333333333333, ""Consumer Discretionary"": 0.09583333333333333, ""Health Care"": 0.0938131313131313, ""Materials"": 0.048989898989898986, ""Consumer Staples"": 0.0428030303030303, ""Communication"": 0.0422979797979798, ""Real Estate"": 0.04078282828282828, ""Utilities"": 0.04040404040404041, ""Energy"": 0.033207070707070706}",
default_frozen_spec,0.680132606009888,0.12600398289309162,0.24661100128083882,0.25955550200999655,0.8033469054684741,0.3037603871032996,3.4402863545816738,9.465766634522662,"{""Information Technology"": 0.16858585858585856, ""Consumer Discretionary"": 0.1291919191919192, ""Health Care"": 0.09242424242424241, ""Industrials"": 0.06858585858585858, ""Communication"": 0.06474747474747476, ""Financials"": 0.05646464646464646, ""Materials"": 0.0494949494949495, ""Energy"": 0.03414141414141414, ""Utilities"": 0.02101010101010101, ""Consumer Staples"": 0.011919191919191921, ""Real Estate"": 0.00404040404040404}",
aggressive_alt_spec,0.828585573363817,0.12769087702016074,0.2489303347618909,0.3794972678941664,0.9364444522240166,0.41091217676676,3.5328519256308097,10.322082931533268,"{""Information Technology"": 0.21430976430976434, ""Consumer Discretionary"": 0.13434343434343435, ""Health Care"": 0.10707070707070708, ""Industrials"": 0.07457912457912458, ""Communication"": 0.0632996632996633, ""Financials"": 0.06043771043771043, ""Energy"": 0.05892255892255893, ""Materials"": 0.05521885521885522, ""Utilities"": 0.019023569023569022, ""Consumer Staples"": 0.012626262626262626, ""Real Estate"": 0.004208754208754209}",
